{
  "load_time_s": 1.935,
  "train_time_s": 0.672,
  "best_iteration": 1,
  "auc_roc": 0.937541,
  "accuracy": 0.992258,
  "f1_score": 0.278232,
  "precision": 0.165692,
  "recall": 0.867347,
  "inference_latency_1row_ms": 0.0447,
  "inference_throughput_1000rows_ms": 0.1125
}